{"1": [2.113081455230713], "2": [-8.193580627441406], "3": [-6.360805988311768], "4": [-4.506469249725342], "5": [-2.652132749557495], "6": [-0.776233971118927], "7": [1.0565407276153564], "8": [2.9108774662017822], "9": [4.765213966369629], "10": [6.641112804412842], "11": [8.47388744354248], "12": [10.328224182128906], "13": [12.182560920715332], "14": [14.058459281921387], "15": [15.912796020507812], "16": [13.131291389465332], "17": [12.700050354003906], "18": [12.26880931854248], "19": [11.79444408416748], "20": [11.363203048706055], "21": [10.931962013244629], "22": [10.500720977783203], "23": [10.069479942321777], "24": [9.595114707946777], "25": [9.163873672485352], "26": [8.732632637023926], "27": [8.301390647888184], "28": [-35.83613586425781], "29": [16.149978637695312], "30": [65.26834106445312], "31": [-15.287496566772461], "32": [-16.602781295776367], "33": [22.20891571044922], "34": [61.06373977661133], "35": [99.83231353759766], "36": [138.64401245117188], "37": [177.49884033203125], "38": [216.28897094726562], "39": [255.143798828125], "40": [293.95550537109375], "41": [332.7671813964844], "42": [476.4998474121094], "43": [691.1932373046875], "44": [905.9297485351562], "45": [1120.7093505859375], "46": [1335.4674072265625], "47": [1550.333251953125], "48": [1765.1776123046875], "49": [2363.804931640625], "50": [3229.2841796875], "51": [4095.238037109375], "52": [4961.708984375], "53": [5828.63330078125], "54": [6696.03125], "55": [8027.509765625], "56": [9569.390625], "57": [11687.58203125], "58": [14332.9228515625], "59": [16981.001953125], "60": [19631.32421875], "61": [22283.392578125], "62": [25216.5859375], "63": [29519.57421875], "64": [33877.33203125], "65": [38232.91015625], "66": [42584.1953125], "67": [46928.9921875], "68": [51265.3359375], "69": [55739.5078125], "70": [61244.36328125], "71": [66724.1484375], "72": [72174.796875], "73": [77592.171875], "74": [82972.3359375], "75": [88311.40625], "76": [93605.75], "77": [98851.671875], "78": [104045.7578125], "79": [109184.6640625], "80": [114265.3046875], "81": [119284.6484375], "82": [124239.8671875], "83": [129128.3671875], "84": [133947.625], "85": [138695.390625], "86": [143369.515625], "87": [147968.09375], "88": [152489.390625], "89": [156931.75], "90": [161293.890625], "91": [165629.46875], "92": [171231.40625], "93": [177623.28125], "94": [183805.515625], "95": [189776.546875], "96": [195535.96875], "97": [201084.0625], "98": [206421.875], "99": [211551.265625], "100": [216474.625], "101": [221194.984375], "102": [225715.96875], "103": [230041.59375], "104": [234176.1875], "105": [238124.625], "106": [241891.84375], "107": [245483.171875], "108": [248904.171875], "109": [252160.34375], "110": [255257.234375], "111": [258200.671875], "112": [260996.359375], "113": [263650.0625], "114": [266167.46875], "115": [268554.28125], "116": [270815.96875], "117": [272958.09375], "118": [274985.90625], "119": [276904.71875], "120": [278719.53125], "121": [280435.34375], "122": [282056.875], "123": [283588.78125], "124": [285035.5], "125": [286401.3125], "126": [287690.40625], "127": [288906.65625], "128": [290053.90625]}