{"1": [2.925050735473633], "2": [3.380058765411377], "3": [3.9000678062438965], "4": [4.426576614379883], "5": [4.966086387634277], "6": [5.486095428466797], "7": [6.019104480743408], "8": [6.539113521575928], "9": [7.065622806549072], "10": [7.592131614685059], "11": [8.118640899658203], "12": [8.645150184631348], "13": [9.165159225463867], "14": [8.619149208068848], "15": [9.464164733886719], "16": [10.7186861038208], "17": [11.804204940795898], "18": [12.896224021911621], "19": [11.115193367004395], "20": [11.531200408935547], "21": [11.940707206726074], "22": [12.343714714050293], "23": [9.483664512634277], "24": [10.140175819396973], "25": [10.790186882019043], "26": [8.339644432067871], "27": [10.270177841186523], "28": [13.741238594055176], "29": [17.225299835205078], "30": [20.709360122680664], "31": [24.19342041015625], "32": [31.32404327392578], "33": [46.28730392456055], "34": [61.27656173706055], "35": [76.30482482910156], "36": [109.8779067993164], "37": [163.8223419189453], "38": [218.2347869873047], "39": [273.115234375], "40": [328.48321533203125], "41": [384.3321838378906], "42": [440.6751403808594], "43": [609.2685546875], "44": [841.7905883789062], "45": [1082.288330078125], "46": [1331.008544921875], "47": [1588.1466064453125], "48": [1960.58349609375], "49": [2614.449462890625], "50": [3269.712646484375], "51": [3989.775634765625], "52": [5006.32861328125], "53": [5694.0986328125], "54": [6670.63671875], "55": [8062.89599609375], "56": [9708.6142578125], "57": [11836.068359375], "58": [14181.029296875], "59": [16744.576171875], "60": [19521.99609375], "61": [22502.025390625], "62": [25666.28125], "63": [28989.10546875], "64": [32802.2734375], "65": [37228.49609375], "66": [41807.90625], "67": [48665.8125], "68": [55118.1875], "69": [60274.16015625], "70": [64476.21875]}