{"1": [1.192252278327942], "2": [-12.495720863342285], "3": [-10.294639587402344], "4": [-8.116486549377441], "5": [-5.96126127243042], "6": [-3.7601802349090576], "7": [-1.5361711978912354], "8": [0.596126139163971], "9": [2.8201351165771484], "10": [4.998288631439209], "11": [7.1535139083862305], "12": [9.354595184326172], "13": [11.555676460266113], "14": [13.733829498291016], "15": [45.09923553466797], "16": [37.83108139038086], "17": [30.540000915527344], "18": [23.248920440673828], "19": [16.003694534301758], "20": [8.758468627929688], "21": [1.4673874378204346], "22": [-5.823693752288818], "23": [-197.455322265625], "24": [-161.18333435058594], "25": [-124.9113540649414], "26": [-88.61644744873047], "27": [-52.390316009521484], "28": [-16.09540557861328], "29": [20.176576614379883], "30": [56.42563247680664], "31": [92.69761657714844], "32": [128.9696044921875], "33": [165.26451110839844], "34": [201.5364990234375], "35": [237.78555297851562], "36": [274.1033935546875], "37": [310.32952880859375], "38": [346.6244201660156], "39": [382.8505554199219], "40": [419.1454772949219], "41": [455.46331787109375], "42": [491.6894226074219], "43": [527.9843139648438], "44": [564.25634765625], "45": [600.5283203125], "46": [772.1668090820312], "47": [1239.093994140625], "48": [1994.1795654296875], "49": [2749.2421875], "50": [3504.3505859375], "51": [4259.4130859375], "52": [5014.54443359375], "53": [5769.65283203125], "54": [6645.45361328125], "55": [7933.29248046875], "56": [9510.5966796875], "57": [11681.0234375], "58": [14325.3466796875], "59": [16967.99609375], "60": [19608.62890625], "61": [22246.78515625], "62": [25502.712890625], "63": [29765.724609375], "64": [34019.98046875], "65": [38261.828125], "66": [42489.625], "67": [46701.53125], "68": [50895.98828125], "69": [55568.76953125], "70": [61169.421875], "71": [66728.0], "72": [72240.953125], "73": [77704.609375], "74": [83115.484375], "75": [88470.3046875], "76": [93765.9453125], "77": [98999.3359375], "78": [104167.703125], "79": [109268.375], "80": [114298.84375], "81": [119256.78125], "82": [124140.0390625], "83": [128946.6953125], "84": [133674.90625], "85": [138329.1875], "86": [143137.421875], "87": [147853.796875], "88": [152476.96875], "89": [157005.921875], "90": [161439.734375], "91": [165777.8125], "92": [171677.046875], "93": [177760.59375], "94": [183629.453125], "95": [189284.53125], "96": [194727.15625], "97": [199959.375], "98": [204983.984375], "99": [209804.171875], "100": [214296.09375], "101": [218424.46875], "102": [222386.046875], "103": [226184.59375], "104": [229824.21875], "105": [233309.046875], "106": [236643.515625], "107": [239832.0], "108": [242879.078125], "109": [245789.234375], "110": [248567.15625], "111": [251217.34375], "112": [253744.4375], "113": [256153.015625], "114": [258447.484375], "115": [260632.328125], "116": [262711.90625], "117": [264690.53125], "118": [266572.34375], "119": [268361.46875], "120": [270061.8125], "121": [271677.34375], "122": [273211.71875], "123": [274668.6875], "124": [276051.71875], "125": [277364.1875], "126": [278609.4375], "127": [279790.5625], "128": [280910.65625], "129": [281972.625], "130": [282979.28125], "131": [283937.4375], "132": [284849.6875], "133": [285713.46875], "134": [286531.25], "135": [287305.375], "136": [288038.03125], "137": [288731.375], "138": [289387.40625], "139": [290012.75], "140": [290619.90625], "141": [291193.03125], "142": [291734.0], "143": [292244.53125], "144": [292726.3125], "145": [293180.90625], "146": [293609.78125], "147": [294014.40625], "148": [294396.0625], "149": [294756.09375], "150": [295095.6875], "151": [295415.90625], "152": [295718.65625]}