{"1": [-54.78165817260742], "2": [-47.796783447265625], "3": [-54.54953384399414], "4": [-46.31962203979492], "5": [-53.937564849853516], "6": [-52.3970947265625], "7": [-50.87772750854492], "8": [-49.35835647583008], "9": [-47.8389892578125], "10": [-46.31962203979492], "11": [-44.779151916503906], "12": [-43.23868179321289], "13": [-41.76151657104492], "14": [-40.221046447753906], "15": [-38.70167922973633], "16": [-37.16120910644531], "17": [-35.66294479370117], "18": [-34.122474670410156], "19": [-32.60310363769531], "20": [-31.083736419677734], "21": [-29.54326629638672], "22": [-44.61033248901367], "23": [-44.800254821777344], "24": [-29.10011863708496], "25": [-26.88437271118164], "26": [-26.293506622314453], "27": [-25.7026424407959], "28": [-25.11177635192871], "29": [-24.520912170410156], "30": [-23.90894317626953], "31": [-16.29100227355957], "32": [-61.44999313354492], "33": [-20.44816017150879], "34": [20.532569885253906], "35": [61.53440475463867], "36": [102.51513671875], "37": [143.53807067871094], "38": [184.518798828125], "39": [225.54173278808594], "40": [266.5646667480469], "41": [369.3963317871094], "42": [510.6764831542969], "43": [652.0621337890625], "44": [793.5110473632812], "45": [935.0443725585938], "46": [1260.0836181640625], "47": [1558.238525390625], "48": [1856.6888427734375], "49": [2534.136962890625], "50": [3326.318603515625], "51": [4120.73681640625], "52": [4917.30810546875], "53": [5716.05224609375], "54": [6516.94921875], "55": [7704.314453125], "56": [9926.453125], "57": [12171.171875], "58": [14473.794921875], "59": [16790.11328125], "60": [19416.36328125], "61": [22338.845703125], "62": [25291.73828125], "63": [29448.43359375], "64": [33842.3828125], "65": [38256.671875], "66": [42684.96484375], "67": [47120.953125], "68": [51558.16015625], "69": [55990.23046875], "70": [60839.31640625], "71": [66790.1015625], "72": [72691.7890625], "73": [78346.09375], "74": [83874.3828125], "75": [89319.4140625], "76": [94670.0078125], "77": [99915.984375], "78": [105047.9765625], "79": [110057.5546875]}