{"1": [-140.28408527374268], "2": [-137.30231475830078], "3": [-135.13055276870728], "4": [-132.95879077911377], "5": [-130.77528953552246], "6": [-128.60352754592896], "7": [-126.43176555633545], "8": [-124.26000356674194], "9": [-122.09998083114624], "10": [-119.92821884155273], "11": [-117.75645685195923], "12": [-108.52940320968628], "13": [-112.62640285491943], "14": [-112.37987852096558], "15": [-112.14509344100952], "16": [-111.91030836105347], "17": [-111.68726253509521], "18": [-111.45247745513916], "19": [-111.2176923751831], "20": [-110.97116804122925], "21": [-110.7363829612732], "22": [-110.52507638931274], "23": [-110.27855205535889], "24": [-110.04376697540283], "25": [-109.80898189544678], "26": [-109.57419681549072], "27": [-25.098525047302246], "28": [-54.376224517822266], "29": [-151.26028776168823], "30": [-120.82040214538574], "31": [-90.39225578308105], "32": [-59.917152404785156], "33": [-29.477266788482666], "34": [0.974358081817627], "35": [31.42598295211792], "36": [61.87760782241821], "37": [92.34097194671631], "38": [122.8043360710144], "39": [153.2559609413147], "40": [183.7310643196106], "41": [214.2061676979065], "42": [233.65811157226562], "43": [483.21117305755615], "44": [732.9285840988159], "45": [982.8220839500427], "46": [1232.8799333572388], "47": [1483.1256108283997], "48": [1964.3411107063293], "49": [2513.4447164535522], "50": [3063.3113737106323], "51": [3837.198215007782], "52": [4816.968092918396], "53": [5798.991907596588], "54": [6783.222702026367], "55": [7769.566562175751], "56": [9468.201397895813], "57": [12014.516025543213], "58": [14571.912508964539], "59": [17139.00561618805], "60": [19714.363158226013], "61": [22296.5529460907], "62": [25471.37549352646], "63": [29613.68865919113], "64": [34094.44451761246], "65": [38571.09163713455], "66": [43036.01124191284], "67": [47361.76199054718], "68": [51555.05873632431], "69": [55718.31473112106], "70": [61117.35025501251], "71": [67177.51708555222], "72": [73122.56879138947], "73": [78782.56793165207], "74": [84056.09909105301], "75": [89192.87968063354], "76": [94183.55351495743], "77": [99020.13790130615], "78": [103696.04711818695], "79": [108206.0337190628], "80": [112545.98896503448], "81": [116713.40065574646], "82": [120615.36433506012], "83": [124328.32602500916], "84": [127877.50164318085]}