{"1": [604.296901345253], "2": [489.0493550300598], "3": [434.3360868692398], "4": [412.0345404148102], "5": [412.0345404148102], "6": [412.0345404148102], "7": [412.0345404148102], "8": [412.0345404148102], "9": [412.0345404148102], "10": [412.0345404148102], "11": [412.0345404148102], "12": [412.0345404148102], "13": [412.9113894701004], "14": [414.9925854206085], "15": [417.0526524782181], "16": [419.1232839822769], "17": [421.20447993278503], "18": [423.2751114368439], "19": [425.3457429409027], "20": [427.41637444496155], "21": [429.4870059490204], "22": [431.5576374530792], "23": [433.6493978500366], "24": [435.72002935409546], "25": [437.7906608581543], "26": [439.86129236221313], "27": [441.931923866272], "28": [444.0025553703308], "29": [446.07318687438965], "30": [272.319736123085], "31": [361.56817972660065], "32": [380.2038632631302], "33": [398.8078534603119], "34": [417.42240810394287], "35": [436.0158338546753], "36": [454.64095294475555], "37": [473.25550758838654], "38": [491.8700622320175], "39": [510.4846168756485], "40": [530.4619851112366], "41": [588.6298272609711], "42": [646.7448471784592], "43": [817.9522663354874], "44": [1082.9085832834244], "45": [1347.9177224636078], "46": [1612.9902483224869], "47": [1878.105031967163], "48": [2143.2937667369843], "49": [2806.2339103221893], "50": [3623.858678817749], "51": [4441.874331831932], "52": [5260.2808693647385], "53": [6079.004340291023], "54": [6897.9707934856415], "55": [8372.091393232346], "56": [9976.344844341278], "57": [12015.473169088364], "58": [14668.353574752808], "59": [17319.163348913193], "60": [19966.360082387924], "61": [22608.433059334755], "62": [25243.903257250786], "63": [29744.71663582325], "64": [34298.04587769508], "65": [38645.10430264473], "66": [42948.616079330444], "67": [47202.316491007805], "68": [51888.21897137165], "69": [56557.84163975716], "70": [61140.50834941864], "71": [67155.98867321014], "72": [73179.94168305397], "73": [78992.906850636], "74": [84583.5538071394], "75": [89943.14047312737], "76": [95065.48136520386], "77": [99946.70989596844], "78": [104585.06180286407], "79": [108981.01248598099], "80": [113136.70652794838], "81": [117055.8837428093], "82": [120714.44662821293]}