{"1": [15.458063125610352], "2": [17.37902069091797], "3": [19.819766998291016], "4": [22.192716598510742], "5": [24.58826446533203], "6": [27.842592239379883], "7": [29.537555694580078], "8": [14.893074989318848], "9": [14.870475769042969], "10": [14.84787654876709], "11": [14.825276374816895], "12": [14.780077934265137], "13": [14.780077934265137], "14": [14.734878540039062], "15": [14.712279319763184], "16": [14.712279319763184], "17": [15.548460960388184], "18": [16.723634719848633], "19": [17.8988094329834], "20": [19.09658432006836], "21": [20.271757125854492], "22": [21.51473045349121], "23": [22.712505340576172], "24": [23.9102783203125], "25": [25.10805320739746], "26": [26.351024627685547], "27": [27.526199340820312], "28": [28.723974227905273], "29": [29.944347381591797], "30": [31.142120361328125], "31": [32.36249542236328], "32": [33.56026840209961], "33": [34.7806396484375], "34": [35.955814361572266], "35": [62.60063552856445], "36": [121.29155731201172], "37": [179.9824676513672], "38": [238.6508026123047], "39": [297.36431884765625], "40": [356.123046875], "41": [414.90435791015625], "42": [473.6856689453125], "43": [532.51220703125], "44": [739.2298583984375], "45": [1072.2110595703125], "46": [1405.9605712890625], "47": [1740.3201904296875], "48": [2075.42578125], "49": [2411.23193359375], "50": [3109.01416015625], "51": [4009.83056640625], "52": [4915.55078125], "53": [5826.0625], "54": [6741.43310546875], "55": [8029.62744140625], "56": [9526.1669921875], "57": [11768.376953125], "58": [14334.8896484375], "59": [16933.5625], "60": [19563.3984375], "61": [22223.31640625], "62": [25226.3828125], "63": [29395.744140625], "64": [33696.49609375], "65": [38054.24609375], "66": [42463.5703125], "67": [46918.8125], "68": [51414.03515625], "69": [55943.0234375], "70": [60499.48046875], "71": [66354.7421875], "72": [72576.7578125], "73": [78804.8125], "74": [84282.3984375], "75": [89721.828125], "76": [95130.4921875], "77": [100497.4921875], "78": [105812.28125], "79": [111064.765625], "80": [116246.359375]}