{"1": [0.4956943988800049], "2": [2.5715601444244385], "3": [2.494762420654297], "4": [2.4179646968841553], "5": [2.282986879348755], "6": [2.178262710571289], "7": [2.106119394302368], "8": [3.158015489578247], "9": [4.514775276184082], "10": [2.834534168243408], "11": [2.906677484512329], "12": [8.028852462768555], "13": [8.212701797485352], "14": [8.39887809753418], "15": [8.580400466918945], "16": [8.766576766967773], "17": [8.952753067016602], "18": [9.13427448272705], "19": [9.318123817443848], "20": [9.501973152160645], "21": [9.685821533203125], "22": [9.869670867919922], "23": [10.05584716796875], "24": [10.239696502685547], "25": [10.428199768066406], "26": [10.60739517211914], "27": [10.793571472167969], "28": [10.97741985321045], "29": [14.663710594177246], "30": [17.56573486328125], "31": [25.536407470703125], "32": [33.59783935546875], "33": [41.75934600830078], "34": [50.009281158447266], "35": [76.13679504394531], "36": [119.74394226074219], "37": [165.87843322753906], "38": [214.68222045898438], "39": [266.3019104003906], "40": [320.8841552734375], "41": [373.9560546875], "42": [450.93994140625], "43": [586.7904663085938], "44": [803.6649169921875], "45": [1106.6435546875], "46": [1341.3560791015625], "47": [1605.0980224609375], "48": [2051.192626953125], "49": [2588.560302734375], "50": [3219.220947265625], "51": [3953.8818359375], "52": [4802.296875], "53": [5772.3310546875], "54": [6868.80029296875], "55": [8092.283203125], "56": [9437.974609375], "57": [11763.083984375], "58": [14447.7001953125], "59": [17100.005859375], "60": [19533.19921875], "61": [21392.404296875], "62": [22890.119140625], "63": [24271.966796875], "64": [25525.884765625], "65": [26657.6484375], "66": [27665.904296875], "67": [28548.9609375]}