{"1": [9.541196823120117], "2": [10.081457138061523], "3": [10.453522682189941], "4": [10.81539535522461], "5": [11.182364463806152], "6": [11.55443000793457], "7": [11.921399116516113], "8": [12.288368225097656], "9": [12.6553373336792], "10": [13.027402877807617], "11": [13.38417911529541], "12": [13.761341094970703], "13": [14.123213768005371], "14": [17.237354278564453], "15": [14.046762466430664], "16": [13.414759635925293], "17": [12.777660369873047], "18": [12.145658493041992], "19": [11.513655662536621], "20": [10.881653785705566], "21": [10.249650955200195], "22": [10.443328857421875], "23": [12.945854187011719], "24": [15.443283081054688], "25": [17.950904846191406], "26": [20.45343017578125], "27": [22.955955505371094], "28": [25.453384399414062], "29": [27.96610450744629], "30": [30.468629837036133], "31": [32.971153259277344], "32": [35.48897171020508], "33": [37.99149703979492], "34": [40.48892593383789], "35": [77.5273208618164], "36": [144.61131286621094], "37": [179.0656280517578], "38": [213.58621215820312], "39": [294.75775146484375], "40": [351.6889343261719], "41": [239.64102172851562], "42": [462.7837219238281], "43": [687.730712890625], "44": [914.4564208984375], "45": [1142.9761962890625], "46": [1373.2799072265625], "47": [1605.377685546875], "48": [1839.23388671875], "49": [2430.584228515625], "50": [3266.0810546875], "51": [4122.25048828125], "52": [4998.787109375], "53": [5895.27734375], "54": [6811.2626953125], "55": [7746.21826171875], "56": [9461.732421875], "57": [11879.4521484375], "58": [14385.626953125], "59": [16965.9140625], "60": [19603.923828125], "61": [22281.732421875], "62": [24980.26953125], "63": [27948.736328125], "64": [33049.84375], "65": [37907.140625], "66": [42351.640625], "67": [46312.7265625], "68": [50623.65234375], "69": [54835.21484375]}