{"1": [-28.805875778198242], "2": [-26.44576072692871], "3": [-25.812559127807617], "4": [-25.18895149230957], "5": [-24.550952911376953], "6": [-23.927345275878906], "7": [-23.28934669494629], "8": [-22.66094207763672], "9": [-22.027740478515625], "10": [-21.399335861206055], "11": [-20.770931243896484], "12": [-20.13772964477539], "13": [-15.868415832519531], "14": [-15.359935760498047], "15": [-14.86104965209961], "16": [-14.352569580078125], "17": [-13.84408950805664], "18": [-13.345203399658203], "19": [-16.17542266845703], "20": [-13.532285690307617], "21": [-12.256288528442383], "22": [-13.249263763427734], "23": [-14.242238998413086], "24": [-15.235214233398438], "25": [-16.237783432006836], "26": [-17.230758666992188], "27": [-13.258857727050781], "28": [-7.5600433349609375], "29": [-1.8660259246826172], "30": [3.827991485595703], "31": [9.526805877685547], "32": [15.22562026977539], "33": [20.924434661865234], "34": [26.63763999938965], "35": [53.96604537963867], "36": [103.90262603759766], "37": [154.00230407714844], "38": [204.26028442382812], "39": [254.68136596679688], "40": [305.2751159667969], "41": [361.33746337890625], "42": [432.3567810058594], "43": [579.3170776367188], "44": [783.91796875], "45": [1072.3988037109375], "46": [1331.6708984375], "47": [1594.8717041015625], "48": [1862.0203857421875], "49": [2532.43701171875], "50": [3276.391357421875], "51": [4047.736328125], "52": [4846.4384765625], "53": [5672.35888671875], "54": [6673.82470703125], "55": [8042.552734375], "56": [9471.673828125], "57": [11711.130859375], "58": [14470.8828125], "59": [17005.462890625], "60": [19618.58203125], "61": [22284.876953125], "62": [24961.109375], "63": [26976.03125], "64": [29230.97265625], "65": [31451.919921875], "66": [34048.3359375], "67": [36489.65625], "68": [39188.87109375], "69": [43506.32421875]}