{"1": [-1.9541327953338623], "2": [-0.7073241472244263], "3": [-0.09590835869312286], "4": [0.5035188794136047], "5": [1.1269232034683228], "6": [1.7383389472961426], "7": [2.349754810333252], "8": [2.9611706733703613], "9": [3.5605978965759277], "10": [4.184001922607422], "11": [4.795417785644531], "12": [5.406833648681641], "13": [6.01824951171875], "14": [5.01121187210083], "15": [5.7664899826049805], "16": [6.533756732940674], "17": [7.289035320281982], "18": [8.056302070617676], "19": [8.823569297790527], "20": [9.57884693145752], "21": [10.334125518798828], "22": [-3.021113395690918], "23": [0.4315876066684723], "24": [3.8962771892547607], "25": [7.360966682434082], "26": [10.813667297363281], "27": [14.26636791229248], "28": [17.73105812072754], "29": [21.207735061645508], "30": [24.648448944091797], "31": [28.11313819885254], "32": [31.57782745361328], "33": [35.04251480102539], "34": [38.507205963134766], "35": [67.27971649169922], "36": [118.7225570678711], "37": [170.2013702392578], "38": [221.70416259765625], "39": [273.2309265136719], "40": [324.7696838378906], "41": [376.3323974609375], "42": [427.9311218261719], "43": [564.06103515625], "44": [829.6912231445312], "45": [1095.9088134765625], "46": [1362.701904296875], "47": [1630.094482421875], "48": [1898.0504150390625], "49": [2420.415283203125], "50": [3285.268798828125], "51": [4155.72119140625], "52": [5031.568359375], "53": [5912.642578125], "54": [6798.77587890625], "55": [7689.78857421875], "56": [9431.232421875], "57": [11920.845703125], "58": [14438.578125], "59": [16979.962890625], "60": [19540.41015625], "61": [22115.171875], "62": [25483.91796875], "63": [29722.66015625], "64": [33947.71484375], "65": [38137.55859375], "66": [41917.71875], "67": [45240.36328125], "68": [48503.66796875], "69": [51698.39453125], "70": [54816.07421875], "71": [58266.359375], "72": [61692.09375], "73": [64982.6953125]}