{"1": [83.49240112304688], "2": [89.9549331665039], "3": [92.38380432128906], "4": [87.49714660644531], "5": [86.615234375], "6": [85.74778747558594], "7": [84.86587524414062], "8": [84.01287841796875], "9": [83.11650848388672], "10": [82.24905395507812], "11": [81.38159942626953], "12": [80.49968719482422], "13": [136.6673126220703], "14": [93.22234344482422], "15": [93.45365905761719], "16": [93.68498229980469], "17": [93.90184783935547], "18": [94.13317108154297], "19": [94.35002899169922], "20": [94.56689453125], "21": [94.7982177734375], "22": [95.02953338623047], "23": [95.26085662841797], "24": [95.46326446533203], "25": [95.68013000488281], "26": [95.91144561767578], "27": [96.14276885986328], "28": [96.37409210205078], "29": [96.59095001220703], "30": [96.80781555175781], "31": [97.03913879394531], "32": [97.2560043334961], "33": [97.47286224365234], "34": [91.76213073730469], "35": [104.3691177368164], "36": [164.91737365722656], "37": [224.48252868652344], "38": [284.0621337890625], "39": [343.6417236328125], "40": [403.2068786621094], "41": [462.7720031738281], "42": [522.337158203125], "43": [580.6156005859375], "44": [766.6554565429688], "45": [1210.343505859375], "46": [1357.4346923828125], "47": [1504.4969482421875], "48": [1858.7650146484375], "49": [2636.32861328125], "50": [3413.29248046875], "51": [4189.57666015625], "52": [4965.173828125], "53": [5739.9833984375], "54": [6620.904296875], "55": [8156.23193359375], "56": [9724.638671875], "57": [12095.931640625], "58": [14648.7021484375], "59": [17280.310546875], "60": [19721.44140625], "61": [22133.373046875], "62": [25278.052734375], "63": [29719.37109375], "64": [34070.75], "65": [38323.1875], "66": [42468.66015625], "67": [47280.171875], "68": [51974.65234375], "69": [56482.87109375], "70": [60798.52734375], "71": [64917.25390625], "72": [68836.6484375], "73": [72556.0625], "74": [76866.2578125], "75": [81885.640625]}