{"1": [26.900592803955078], "2": [21.84303092956543], "3": [19.8701114654541], "4": [17.881534576416016], "5": [15.89295768737793], "6": [13.904380798339844], "7": [76.8812026977539], "8": [37.28190231323242], "9": [35.38727569580078], "10": [33.508304595947266], "11": [31.6606502532959], "12": [46.551490783691406], "13": [45.26752853393555], "14": [47.63189697265625], "15": [49.9649543762207], "16": [52.31366729736328], "17": [54.678035736083984], "18": [57.01109313964844], "19": [59.359806060791016], "20": [61.72417449951172], "21": [64.07289123535156], "22": [79.02635955810547], "23": [84.19352722167969], "24": [89.32938385009766], "25": [94.48088836669922], "26": [99.63240051269531], "27": [104.7839126586914], "28": [109.95108032226562], "29": [53.534996032714844], "30": [90.06531524658203], "31": [126.61128234863281], "32": [163.17291259765625], "33": [199.70323181152344], "34": [236.24920654296875], "35": [272.7795104980469], "36": [309.3411560058594], "37": [345.90277099609375], "38": [382.46441650390625], "39": [419.0103759765625], "40": [455.572021484375], "41": [492.1336364746094], "42": [528.7109375], "43": [623.3953857421875], "44": [914.510498046875], "45": [1205.7196044921875], "46": [1497.022705078125], "47": [1788.419677734375], "48": [2079.94189453125], "49": [2669.70361328125], "50": [3460.609375], "51": [4252.15673828125], "52": [5044.4248046875], "53": [5837.30322265625], "54": [6630.79248046875], "55": [7963.76513671875], "56": [9728.9169921875], "57": [11679.1943359375], "58": [14281.599609375], "59": [16887.810546875], "60": [19496.853515625], "61": [22107.93359375], "62": [25100.7734375], "63": [29361.73046875], "64": [33618.9921875], "65": [37868.73828125], "66": [42220.0703125], "67": [46823.0], "68": [51136.2734375], "69": [55425.2109375], "70": [60802.96484375], "71": [66531.0859375], "72": [72189.2421875], "73": [77768.28125], "74": [83107.15625], "75": [88357.34375], "76": [93512.5], "77": [98566.7734375], "78": [103534.8125], "79": [108573.90625], "80": [113487.828125], "81": [118272.6484375], "82": [122924.921875], "83": [127442.015625], "84": [131821.875], "85": [136078.875], "86": [140227.0], "87": [144231.96875]}