{"1": [12.91009521484375], "2": [13.210662841796875], "3": [13.496917724609375], "4": [13.7974853515625], "5": [14.083740234375], "6": [14.384307861328125], "7": [14.699188232421875], "8": [14.999755859375], "9": [15.271697998046875], "10": [15.557952880859375], "11": [15.8585205078125], "12": [16.17340087890625], "13": [16.473968505859375], "14": [14.999755859375], "15": [15.701080322265625], "16": [16.40240478515625], "17": [17.103729248046875], "18": [17.762115478515625], "19": [18.46343994140625], "20": [19.164764404296875], "21": [19.851776123046875], "22": [20.5531005859375], "23": [21.254425048828125], "24": [21.9271240234375], "25": [22.64276123046875], "26": [23.315460205078125], "27": [24.01678466796875], "28": [24.718109130859375], "29": [25.405120849609375], "30": [26.1064453125], "31": [26.779144287109375], "32": [27.494781494140625], "33": [28.19610595703125], "34": [-8.55902099609375], "35": [52.169952392578125], "36": [112.91323852539062], "37": [173.62789916992188], "38": [234.39981079101562], "39": [295.1287841796875], "40": [355.8863830566406], "41": [416.6296691894531], "42": [477.3729553222656], "43": [575.1719360351562], "44": [839.0416870117188], "45": [1102.9686889648438], "46": [1367.0101928710938], "47": [1631.1518859863281], "48": [1895.3651428222656], "49": [2512.9600524902344], "50": [3326.124298095703], "51": [4140.047119140625], "52": [4954.742828369141], "53": [5781.475555419922], "54": [6816.573211669922], "55": [7852.701385498047], "56": [9363.654846191406], "57": [11910.979797363281], "58": [14462.927764892578], "59": [17018.66860961914], "60": [19577.30062866211], "61": [22137.993682861328], "62": [25161.503631591797], "63": [29470.670135498047], "64": [33856.524322509766], "65": [38234.1057434082], "66": [42599.206451416016], "67": [46947.503997802734], "68": [51274.747497558594], "69": [55576.843505859375], "70": [61006.42593383789], "71": [66720.30239868164], "72": [72362.4147644043], "73": [77924.10382080078], "74": [83397.09680175781], "75": [88773.77932739258], "76": [94047.12384033203], "77": [99210.74685668945], "78": [104263.41032409668], "79": [109248.71801757812], "80": [114106.02684020996], "81": [118831.51528930664], "82": [122955.861328125], "83": [126916.59838867188], "84": [131050.0902709961], "85": [135625.1303100586], "86": [139993.98095703125], "87": [144186.99954223633], "88": [148218.08374023438]}