{"1": [8.890199661254883], "2": [9.087804794311523], "3": [9.287446975708008], "4": [9.483015060424805], "5": [9.682657241821289], "6": [9.878225326538086], "7": [10.079904556274414], "8": [10.275472640991211], "9": [10.475115776062012], "10": [10.674757957458496], "11": [13.031761169433594], "12": [16.317712783813477], "13": [17.588905334472656], "14": [16.924787521362305], "15": [16.96349334716797], "16": [17.159061431884766], "17": [17.358705520629883], "18": [17.55427360534668], "19": [17.749841690063477], "20": [17.94948387145996], "21": [18.1470890045166], "22": [18.346731185913086], "23": [18.54637336730957], "24": [18.741941452026367], "25": [17.723358154296875], "26": [15.680078506469727], "27": [13.748844146728516], "28": [18.159311294555664], "29": [22.71849250793457], "30": [27.438610076904297], "31": [32.44800567626953], "32": [39.327518463134766], "33": [46.545204162597656], "34": [62.35566329956055], "35": [91.66642761230469], "36": [125.74620056152344], "37": [163.73733520507812], "38": [207.71571350097656], "39": [258.6143493652344], "40": [317.4925537109375], "41": [385.5563659667969], "42": [464.1930847167969], "43": [588.5091552734375], "44": [788.7056884765625], "45": [1079.64990234375], "46": [1343.4080810546875], "47": [1617.9918212890625], "48": [1998.2005615234375], "49": [2576.1064453125], "50": [3293.66796875], "51": [4068.327392578125], "52": [4871.091796875], "53": [5698.94775390625], "54": [6629.85400390625], "55": [7928.2119140625], "56": [9462.8369140625], "57": [11682.654296875], "58": [14289.0537109375], "59": [16981.412109375], "60": [19610.01953125], "61": [22039.478515625], "62": [24170.845703125], "63": [25939.107421875], "64": [27286.2109375], "65": [28318.9140625], "66": [29136.943359375]}