{"1": [0.4935702085494995], "2": [0.9845010042190552], "3": [1.472792387008667], "4": [1.9637231826782227], "5": [2.452014446258545], "6": [2.945584774017334], "7": [3.4338760375976562], "8": [3.9221675395965576], "9": [4.413098335266113], "10": [4.9013895988464355], "11": [5.394959926605225], "12": [5.880611896514893], "13": [6.374182224273682], "14": [6.862473487854004], "15": [7.3534040451049805], "16": [7.841695785522461], "17": [8.33526611328125], "18": [8.823556900024414], "19": [8.290395736694336], "20": [14.031118392944336], "21": [4.447410583496094], "22": [9.385751724243164], "23": [9.818615913391113], "24": [8.124113082885742], "25": [9.367276191711426], "26": [10.61835765838623], "27": [11.86152172088623], "28": [13.109963417053223], "29": [14.353127479553223], "30": [18.00871467590332], "31": [27.922348022460938], "32": [37.84918212890625], "33": [47.78657150268555], "34": [57.72924041748047], "35": [67.68246459960938], "36": [108.69630432128906], "37": [161.55845642089844], "38": [214.67401123046875], "39": [268.0429382324219], "40": [321.6652526855469], "41": [375.5356750488281], "42": [464.10906982421875], "43": [581.1776123046875], "44": [791.6338500976562], "45": [1144.40185546875], "46": [1373.576904296875], "47": [1541.301025390625], "48": [1961.0257568359375], "49": [2606.33056640625], "50": [3277.48828125], "51": [4001.62451171875], "52": [4982.40380859375], "53": [5700.12890625], "54": [6662.77001953125], "55": [8071.984375], "56": [9522.6689453125], "57": [11657.5068359375], "58": [14446.884765625], "59": [17166.5859375], "60": [19697.6875], "61": [21971.546875], "62": [23675.27734375], "63": [25700.037109375], "64": [27472.310546875], "65": [28866.677734375], "66": [29881.39453125], "67": [30589.5703125], "68": [31076.65234375]}