{"1": [-6.417330741882324], "2": [-6.157068252563477], "3": [-5.889369964599609], "4": [-5.621671199798584], "5": [-5.361408710479736], "6": [-5.093709945678711], "7": [-4.833447456359863], "8": [-4.565748691558838], "9": [-4.290614128112793], "10": [-4.037787437438965], "11": [-3.7700889110565186], "12": [-87.5002670288086], "13": [-76.74027252197266], "14": [-65.96540069580078], "15": [-55.205406188964844], "16": [-44.43053436279297], "17": [-33.66310119628906], "18": [-22.895668029785156], "19": [-12.13567066192627], "20": [-1.360801339149475], "21": [9.39919662475586], "22": [20.166629791259766], "23": [30.934062957763672], "24": [41.70149612426758], "25": [52.468929290771484], "26": [63.23636245727539], "27": [74.01123046875], "28": [84.77123260498047], "29": [95.54610443115234], "30": [106.31353759765625], "31": [117.0884017944336], "32": [127.8558349609375], "33": [138.62327575683594], "34": [149.3981475830078], "35": [160.17300415039062], "36": [170.955322265625], "37": [181.71531677246094], "38": [192.4827423095703], "39": [203.2576141357422], "40": [214.02505493164062], "41": [224.80735778808594], "42": [235.5822296142578], "43": [493.5767822265625], "44": [808.8811645507812], "45": [1124.3714599609375], "46": [1440.0550537109375], "47": [1755.9171142578125], "48": [2071.942626953125], "49": [2388.1171875], "50": [3241.540283203125], "51": [4086.003173828125], "52": [4930.9716796875], "53": [5770.13232421875], "54": [6609.1591796875], "55": [8061.82568359375], "56": [9563.2578125], "57": [11773.1103515625], "58": [14409.8974609375], "59": [17023.1484375], "60": [19605.9453125], "61": [22151.681640625], "62": [25246.490234375], "63": [29501.71875], "64": [33574.8515625], "65": [37450.09765625], "66": [43982.95703125], "67": [49490.1796875], "68": [54165.03125], "69": [58174.3984375], "70": [62015.0546875], "71": [65214.92578125]}