{"1": [-74.46540832519531], "2": [-63.09870147705078], "3": [-78.67322540283203], "4": [-69.69902038574219], "5": [-66.93415069580078], "6": [-64.13204193115234], "7": [-71.30953979492188], "8": [-60.22211456298828], "9": [-68.06057739257812], "10": [-64.88609313964844], "11": [-61.730228424072266], "12": [-58.574363708496094], "13": [-58.38817596435547], "14": [-60.938934326171875], "15": [-57.88547134399414], "16": [-57.09417724609375], "17": [-54.413089752197266], "18": [-58.30439376831055], "19": [-57.09417724609375], "20": [-55.91189193725586], "21": [-54.69236755371094], "22": [-53.51008224487305], "23": [-52.318485260009766], "24": [-51.11758041381836], "25": [-49.925987243652344], "26": [-48.73439025878906], "27": [-47.514869689941406], "28": [-46.323272705078125], "29": [-45.15029525756836], "30": [-43.92146301269531], "31": [-42.73917770385742], "32": [-41.54758071899414], "33": [-71.32815551757812], "34": [-26.63401985168457], "35": [14.550497055053711], "36": [55.697776794433594], "37": [97.72944641113281], "38": [145.26292419433594], "39": [192.77780151367188], "40": [240.311279296875], "41": [287.8261413574219], "42": [335.3596496582031], "43": [477.9508056640625], "44": [775.8589477539062], "45": [1073.7578125], "46": [1371.666015625], "47": [1669.536865234375], "48": [1967.4078369140625], "49": [2265.250732421875], "50": [3103.826904296875], "51": [3996.81591796875], "52": [4889.47900390625], "53": [5781.77001953125], "54": [6736.00537109375], "55": [8071.69970703125], "56": [9406.072265625], "57": [11656.689453125], "58": [14326.4306640625], "59": [16986.9375], "60": [19636.607421875], "61": [22273.814453125], "62": [25477.32421875], "63": [29789.11328125], "64": [34050.40625], "65": [38254.765625], "66": [42396.17578125], "67": [47113.4765625], "68": [51737.25], "69": [56252.921875], "70": [60654.078125], "71": [64895.125], "72": [68897.9765625], "73": [72781.5078125], "74": [76542.9375], "75": [80180.1015625], "76": [83691.546875], "77": [87076.2109375], "78": [90330.7890625]}