{"1": [-0.7491025924682617], "2": [2.792109727859497], "3": [5.226693153381348], "4": [5.226693153381348], "5": [5.226693153381348], "6": [5.226693153381348], "7": [5.226693153381348], "8": [5.226693153381348], "9": [5.226693153381348], "10": [5.226693153381348], "11": [5.226693153381348], "12": [5.226693153381348], "13": [5.226693153381348], "14": [5.226693153381348], "15": [5.226693153381348], "16": [5.3458685874938965], "17": [6.8270487785339355], "18": [8.308228492736816], "19": [9.80643367767334], "20": [-41.62627029418945], "21": [-31.921985626220703], "22": [-22.217702865600586], "23": [-12.53044319152832], "24": [-2.826159715652466], "25": [6.861098766326904], "26": [16.56538200378418], "27": [26.26966667175293], "28": [35.97394943237305], "29": [45.66120910644531], "30": [55.36549377441406], "31": [65.05274963378906], "32": [74.77406311035156], "33": [84.47834014892578], "34": [94.14857482910156], "35": [103.86988830566406], "36": [113.55714416503906], "37": [114.73187255859375], "38": [111.93976593017578], "39": [113.67632293701172], "40": [272.2647399902344], "41": [430.88720703125], "42": [589.49267578125], "43": [748.1151733398438], "44": [906.754638671875], "45": [1065.3770751953125], "46": [1224.0166015625], "47": [1440.694580078125], "48": [2039.7042236328125], "49": [2638.764892578125], "50": [3269.730712890625], "51": [4069.8232421875], "52": [4925.6220703125], "53": [5781.318359375], "54": [6636.810546875], "55": [8040.52685546875], "56": [9693.1494140625], "57": [11989.6513671875], "58": [14282.0244140625], "59": [16569.23046875], "60": [19377.96484375], "61": [22373.08984375], "62": [25352.943359375], "63": [28973.9609375], "64": [33624.54296875], "65": [38215.87890625], "66": [42739.9453125], "67": [47189.31640625], "68": [51557.046875], "69": [55836.796875], "70": [60022.765625], "71": [63785.59375], "72": [67331.265625], "73": [70793.03125], "74": [74168.6171875], "75": [77455.96875], "76": [80671.1875], "77": [83783.234375]}