{"1": [-5.693220376968384], "2": [2.5816104412078857], "3": [-0.8890314102172852], "4": [-0.8890314102172852], "5": [-0.8890314102172852], "6": [-0.8890314102172852], "7": [-0.8890314102172852], "8": [-0.8890314102172852], "9": [-0.8890314102172852], "10": [-0.8890314102172852], "11": [-0.8890314102172852], "12": [-0.8890314102172852], "13": [-0.8890314102172852], "14": [-0.8890314102172852], "15": [-0.8890314102172852], "16": [-0.8890314102172852], "17": [-0.8890314102172852], "18": [-0.8890314102172852], "19": [2.547416925430298], "20": [10.429022312164307], "21": [18.310627698898315], "22": [26.192233085632324], "23": [34.07383847236633], "24": [41.93834710121155], "25": [49.80285573005676], "26": [57.66736435890198], "27": [65.54896974563599], "28": [73.43057513237], "29": [81.312180519104], "30": [89.17668914794922], "31": [97.05829453468323], "32": [104.92280316352844], "33": [112.83860206604004], "34": [120.70311069488525], "35": [128.60181283950806], "36": [136.46632146835327], "37": [144.34792685508728], "38": [152.2295322418213], "39": [160.1111376285553], "40": [167.9927430152893], "41": [267.3590998649597], "42": [476.8627710342407], "43": [686.759667634964], "44": [897.0326929092407], "45": [1107.6989436149597], "46": [1318.7242262363434], "47": [1530.1427342891693], "48": [1973.2565052509308], "49": [2593.9030101299286], "50": [3302.52943110466], "51": [4100.332541227341], "52": [4903.213388442993], "53": [5711.052295446396], "54": [6523.83216547966], "55": [7963.635631084442], "56": [9613.900186300278], "57": [11889.598338603973], "58": [14417.678830862045], "59": [16984.39799594879], "60": [19549.834904193878], "61": [22095.713121414185], "62": [25212.04176235199], "63": [29418.630653858185], "64": [33693.384319067], "65": [38028.02792716026], "66": [42464.97853446007], "67": [47458.018288850784], "68": [52490.534457206726], "69": [57550.106244921684], "70": [62622.107375621796], "71": [67727.609603405], "72": [72815.22007405758], "73": [77640.85692358017], "74": [82264.88025569916]}