{"1": [2.415811777114868], "2": [-2.5252389907836914], "3": [-1.8265894651412964], "4": [-1.1195225715637207], "5": [-0.412455677986145], "6": [0.2777762711048126], "7": [0.9764257073402405], "8": [1.6834925413131714], "9": [-0.39562076330184937], "10": [0.46296045184135437], "11": [1.321541666984558], "12": [2.171705484390259], "13": [3.0387041568756104], "14": [3.8888678550720215], "15": [4.755866527557373], "16": [5.606030464172363], "17": [6.473029136657715], "18": [7.323192596435547], "19": [8.173356056213379], "20": [9.04035472869873], "21": [9.890519142150879], "22": [10.749099731445312], "23": [8.451132774353027], "24": [-1.1700273752212524], "25": [-2.9461119174957275], "26": [3.3754026889801025], "27": [9.696917533874512], "28": [16.0184326171875], "29": [22.339946746826172], "30": [28.661460876464844], "31": [34.99139404296875], "32": [41.31290817260742], "33": [47.634422302246094], "34": [53.955936431884766], "35": [54.5535774230957], "36": [89.89008331298828], "37": [161.6910400390625], "38": [211.0931396484375], "39": [260.5036315917969], "40": [333.8450012207031], "41": [386.9676208496094], "42": [440.1070556640625], "43": [553.574462890625], "44": [817.5713500976562], "45": [1082.03955078125], "46": [1346.9708251953125], "47": [1612.364990234375], "48": [2064.155517578125], "49": [2533.62255859375], "50": [3156.607421875], "51": [4064.51513671875], "52": [4976.69873046875], "53": [5892.83837890625], "54": [6812.61474609375], "55": [7735.65673828125], "56": [9387.9794921875], "57": [11923.92578125], "58": [14469.568359375], "59": [17017.474609375], "60": [19560.23046875], "61": [22090.40234375], "62": [25582.76953125], "63": [29905.806640625], "64": [34102.9609375], "65": [38143.54296875], "66": [42001.80859375], "67": [45657.4296875], "68": [49095.59765625], "69": [52306.90625], "70": [55286.9140625], "71": [58035.72265625], "72": [60557.19140625]}