{"1": [6.660724639892578], "2": [6.676327228546143], "3": [6.676327228546143], "4": [6.679794788360596], "5": [6.686729431152344], "6": [6.693664073944092], "7": [6.702332496643066], "8": [6.705799579620361], "9": [6.712734222412109], "10": [6.719668865203857], "11": [6.719668865203857], "12": [6.719668865203857], "13": [6.723135948181152], "14": [6.73527193069458], "15": [6.749141216278076], "16": [6.776879787445068], "17": [6.849693298339844], "18": [6.9433112144470215], "19": [7.073335647583008], "20": [7.250168800354004], "21": [7.484213352203369], "22": [7.806674003601074], "23": [8.240089416503906], "24": [8.822599411010742], "25": [9.61314868927002], "26": [10.684551239013672], "27": [12.154695510864258], "28": [14.356444358825684], "29": [17.423290252685547], "30": [21.698497772216797], "31": [27.653621673583984], "32": [35.95612335205078], "33": [47.5213737487793], "34": [63.630550384521484], "35": [86.05891418457031], "36": [117.26828002929688], "37": [160.66526794433594], "38": [220.93771362304688], "39": [288.2713623046875], "40": [320.715087890625], "41": [382.77667236328125], "42": [457.5078430175781], "43": [601.1676635742188], "44": [828.5060424804688], "45": [1117.339111328125], "46": [1390.0369873046875], "47": [1729.662841796875], "48": [2146.336181640625], "49": [2653.346923828125], "50": [3264.942626953125], "51": [3995.006103515625], "52": [4855.67333984375], "53": [5855.49462890625], "54": [6997.30419921875], "55": [8276.140625], "56": [9677.583984375], "57": [11912.3447265625], "58": [14366.03515625], "59": [16677.09765625], "60": [18819.8828125], "61": [20702.447265625], "62": [22407.974609375], "63": [23752.015625], "64": [24617.7734375], "65": [25384.529296875]}