{"1": [215.4117226600647], "2": [217.87357091903687], "3": [220.36133337020874], "4": [222.8231816291809], "5": [225.28502988815308], "6": [210.0863561630249], "7": [197.0126461982727], "8": [218.7546534538269], "9": [211.48572254180908], "10": [204.21679162979126], "11": [210.46211194992065], "12": [228.21333360671997], "13": [219.36363697052002], "14": [215.51537942886353], "15": [211.69303607940674], "16": [207.87069272994995], "17": [204.02243518829346], "18": [200.20009183883667], "19": [196.37774848937988], "20": [192.54244804382324], "21": [188.7071475982666], "22": [184.88480424880981], "23": [181.04950380325317], "24": [177.21420335769653], "25": [173.4048171043396], "26": [169.5565595626831], "27": [165.73421621322632], "28": [161.89891576766968], "29": [158.06361532211304], "30": [178.32851362228394], "31": [211.62825059890747], "32": [244.94094467163086], "33": [278.2665958404541], "34": [311.5792899131775], "35": [344.90494108200073], "36": [378.230592250824], "37": [411.5562434196472], "38": [444.8689374923706], "39": [478.2075457572937], "40": [511.5461540222168], "41": [544.8847622871399], "42": [578.223370552063], "43": [718.7430777549744], "44": [955.2230386734009], "45": [1191.8714418411255], "46": [1428.6753301620483], "47": [1665.6087894439697], "48": [2080.2876930236816], "49": [2827.264283180237], "50": [3575.6143255233765], "51": [4325.311905860901], "52": [5094.9375], "53": [5945.233974456787], "54": [6797.137128829956], "55": [7943.943790435791], "56": [9787.712651252747], "57": [11957.300650596619], "58": [14514.992549419403], "59": [17082.842811584473], "60": [19659.67234134674], "61": [22244.30204296112], "62": [25181.81825685501], "63": [29545.729351997375], "64": [33918.34761571884], "65": [38304.77814388275], "66": [42706.860844135284], "67": [47091.76243495941], "68": [51383.81347513199], "69": [55655.70327377319], "70": [60737.90394830704], "71": [66926.13530302048], "72": [73028.64250993729], "73": [78834.43221616745], "74": [84019.74546146393], "75": [89107.19375991821], "76": [94088.6659693718], "77": [98956.74415230751], "78": [103704.76188278198], "79": [108327.03099560738], "80": [112818.58892297745], "81": [117175.39952945709], "82": [121394.2300195694], "83": [125472.55375957489], "84": [129408.73815536499], "85": [133185.3429555893], "86": [136880.73267745972]}