{"1": [-8.059762001037598], "2": [1.263870120048523], "3": [34.84966278076172], "4": [13.550344467163086], "5": [7.168837070465088], "6": [0.7666097283363342], "7": [-5.614898204803467], "8": [-12.017125129699707], "9": [-18.39863395690918], "10": [-13.1566801071167], "11": [-6.257193088531494], "12": [0.6008562445640564], "13": [7.5003437995910645], "14": [14.379112243652344], "15": [21.25788116455078], "16": [16.119524002075195], "17": [15.415071487426758], "18": [14.71061897277832], "19": [13.964728355407715], "20": [13.260276794433594], "21": [12.576542854309082], "22": [11.872091293334961], "23": [11.126200675964355], "24": [10.421748161315918], "25": [9.717296600341797], "26": [9.033563613891602], "27": [8.329111099243164], "28": [7.624659061431885], "29": [-104.23820495605469], "30": [-65.4311752319336], "31": [-26.624149322509766], "32": [12.182878494262695], "33": [50.989906311035156], "34": [89.79693603515625], "35": [128.58323669433594], "36": [170.51885986328125], "37": [213.22109985351562], "38": [255.9647674560547], "39": [298.6669921875], "40": [341.4106750488281], "41": [384.1129150390625], "42": [426.83587646484375], "43": [469.57952880859375], "44": [605.6631469726562], "45": [997.442138671875], "46": [1389.303955078125], "47": [1781.1866455078125], "48": [2173.110595703125], "49": [2565.076171875], "50": [3180.705078125], "51": [4079.213134765625], "52": [4977.88720703125], "53": [5876.7470703125], "54": [6775.7939453125], "55": [7674.98583984375], "56": [9294.35546875], "57": [11869.521484375], "58": [14444.9580078125], "59": [17020.125], "60": [19594.564453125], "61": [22215.271484375], "62": [25143.203125], "63": [29416.970703125], "64": [33815.4453125], "65": [38202.7109375], "66": [42576.5078125], "67": [46934.48046875], "68": [51274.33984375], "69": [55593.83203125], "70": [60380.95703125], "71": [66521.9375], "72": [72605.0234375], "73": [78624.2421875], "74": [83846.0546875], "75": [88846.0234375], "76": [93789.3125], "77": [98688.796875], "78": [103935.203125], "79": [109103.9765625], "80": [114192.046875], "81": [119196.40625], "82": [124114.46875], "83": [128943.765625], "84": [133682.140625], "85": [138512.859375], "86": [143301.46875], "87": [147983.53125], "88": [152557.625], "89": [157022.828125], "90": [161378.28125], "91": [165928.3125], "92": [170643.59375], "93": [176780.265625], "94": [183165.0625], "95": [189241.546875], "96": [195014.46875], "97": [200489.703125], "98": [205674.421875], "99": [210564.796875], "100": [215047.453125], "101": [219282.3125], "102": [223278.328125], "103": [227044.703125], "104": [230590.9375], "105": [233926.4375], "106": [237060.90625], "107": [240003.796875], "108": [242764.546875], "109": [245352.359375], "110": [247776.390625], "111": [250045.390625], "112": [252167.921875], "113": [254152.25], "114": [256006.375], "115": [257737.921875], "116": [259354.15625], "117": [260862.125], "118": [262268.46875], "119": [263579.5], "120": [264801.21875], "121": [265939.34375], "122": [266999.25], "123": [267986.03125], "124": [268904.4375], "125": [269759.03125], "126": [270554.0], "127": [271293.375], "128": [271980.9375], "129": [272620.09375], "130": [273203.21875], "131": [273745.28125], "132": [274249.6875], "133": [274718.0625], "134": [275150.96875], "135": [275553.9375], "136": [275929.0], "137": [276278.0625], "138": [276602.90625], "139": [276905.15625], "140": [277186.40625], "141": [277448.03125]}